Last Name,First Name,Preferred Name,Preferred Pronoun,SF ID #,Program Code,Phone,Email
Minion,Bob,Bob,he/him,2211-4456,1002,910-432-8765,bob.minion@go.sfcollege.edu
Nichols,James,James,,1234-5678,1030,352-395-5220,james.nichols@sfcollege.edu
Person,Punny,,,9999-1111,3504,352-123-4567,punny.person@go.sfcollege.edu
Person,Punny2,,,9999-1112,3840,352-123-6792,punny2.person@go.sfcollege.edu
Person,Punny3,,,9999-1113,3841,352-123-3420,punny3.person@go.sfcollege.edu
Smart,Maxwell,Max,,9922-4029,3842,310-2910,agent.smart@go.sfcollege.edu
Tree,Groot,Groot,,1122-3344,3650,361-1234-5678,groot.tree@go.sfcollege.edu
Washington,George,George,,1001-1001,3651,361-1234-5679,George.Washington@go.sfcollege.edu
Adams,John,John,,1001-1002,1119,361-1234-5680,John.Adams@go.sfcollege.edu
Jefferson,Thomas,Thomas,,1001-1003,6625,361-1234-5681,Thomas.Jefferson@go.sfcollege.edu
Madison,James,James,,1001-1004,6635,361-1234-5682,James.Madison@go.sfcollege.edu
Monroe,James,James,,1001-1005,6645,361-1234-5683,James.Monroe@go.sfcollege.edu
Quincy Adams,John,John,,1001-1006,6623,361-1234-5684,John.Quincy Adams@go.sfcollege.edu
Jackson,Andrew,Andrew,,1001-1007,6650,361-1234-5685,Andrew.Jackson@go.sfcollege.edu
Van Buren,Martin,Martin,,1001-1008,6651,361-1234-5686,Martin.Van Buren@go.sfcollege.edu
Henry Harrison,William,William,,1001-1009,6652,361-1234-5687,William.Henry Harrison@go.sfcollege.edu
Tyler,John,John,,1001-1010,3624,361-1234-5688,John.Tyler@go.sfcollege.edu
K. Polk,James,James,,1001-1011,3520,361-1234-5689,James.K. Polk@go.sfcollege.edu
Taylor,Zachary,Zachary,,1001-1012,3330,361-1234-5690,Zachary.Taylor@go.sfcollege.edu
Fillmore,Millard,Millard,,1001-1013,3330,361-1234-5691,Millard.Fillmore@go.sfcollege.edu
Pierce,Franklin,Franklin,,1001-1014,3520,361-1234-5692,Franklin.Pierce@go.sfcollege.edu
Buchanan,James,James,,1001-1015,3624,361-1234-5693,James.Buchanan@go.sfcollege.edu
Lincoln,Abraham,Abraham,,1001-1016,6652,361-1234-5694,Abraham.Lincoln@go.sfcollege.edu
Johnson,Andrew,Andrew,,1001-1017,6651,361-1234-5695,Andrew.Johnson@go.sfcollege.edu
S. Grant,Ulysses,Ulysses,,1001-1018,6650,361-1234-5696,Ulysses.S. Grant@go.sfcollege.edu
B. Hayes,Rutherford,Rutherford,,1001-1019,6623,361-1234-5697,Rutherford.B. Hayes@go.sfcollege.edu
A. Garfield,James,James,,1001-1020,6645,361-1234-5698,James.A. Garfield@go.sfcollege.edu
A. Arthur,Chester,Chester,,1001-1021,6635,361-1234-5699,Chester.A. Arthur@go.sfcollege.edu
Cleveland,Grover,Grover,,1001-1022,6625,361-1234-5700,Grover.Cleveland@go.sfcollege.edu
Harrison,Benjamin,Benjamin,,1001-1023,1119,361-1234-5701,Benjamin.Harrison@go.sfcollege.edu
Cleveland (2nd term),Grover,Grover,,1001-1024,3651,361-1234-5702,Grover.Cleveland (2nd term)@go.sfcollege.edu
McKinley,William,William,,1001-1025,3650,361-1234-5703,William.McKinley@go.sfcollege.edu
Roosevelt,Theodore,Theodore,,1001-1026,3842,361-1234-5704,Theodore.Roosevelt@go.sfcollege.edu
Howard Taft,William,William,,1001-1027,3841,361-1234-5705,William.Howard Taft@go.sfcollege.edu
Wilson,Woodrow,Woodrow,,1001-1028,3840,361-1234-5706,Woodrow.Wilson@go.sfcollege.edu
G. Harding,Warren,Warren,,1001-1029,3504,361-1234-5707,Warren.G. Harding@go.sfcollege.edu
Coolidge,Calvin,Calvin,,1001-1030,1030,361-1234-5708,Calvin.Coolidge@go.sfcollege.edu
Hoover,Herbert,Herbert,,1001-1031,1002,361-1234-5709,Herbert.Hoover@go.sfcollege.edu
D. Roosevelt,Franklin,Franklin,,1001-1032,1002,361-1234-5710,Franklin.D. Roosevelt@go.sfcollege.edu
S. Truman,Harry,Harry,,1001-1033,1030,361-1234-5711,Harry.S. Truman@go.sfcollege.edu
D. Eisenhower,Dwight,Dwight,,1001-1034,1119,361-1234-5712,Dwight.D. Eisenhower@go.sfcollege.edu
F. Kennedy,John,John,,1001-1035,3330,361-1234-5713,John.F. Kennedy@go.sfcollege.edu
B. Johnson,Lyndon,Lyndon,,1001-1036,3504,361-1234-5714,Lyndon.B. Johnson@go.sfcollege.edu
Nixon,Richard,Richard,,1001-1037,3520,361-1234-5715,Richard.Nixon@go.sfcollege.edu
ABELE,STEVEN,Gerald,,1001-1038,3624,361-1234-5716,STEVEN.ABELE@go.sfcollege.edu
ACOSTA,TONY,Jimmy,,1001-1039,3650,361-1234-5717,TONY.ACOSTA@go.sfcollege.edu
ADAMS,MALCOLM,Ronald,,1001-1040,3651,361-1234-5718,MALCOLM.ADAMS@go.sfcollege.edu
ADDISON,TRAVIS,George,,1001-1041,3840,361-1234-5719,TRAVIS.ADDISON@go.sfcollege.edu
ALBRITTON,KOB'IE,Bill,,1001-1042,3841,361-1234-5720,KOB'IE.ALBRITTON@go.sfcollege.edu
ALCONADA,ALEX,George,,1001-1043,3842,361-1234-5721,ALEX.ALCONADA@go.sfcollege.edu
ALLEN,DANIEL,Barack,,1001-1044,6623,361-1234-5722,DANIEL.ALLEN@go.sfcollege.edu
ALLEN,XAVIER,XAVIER,,1001-1045,6625,361-1234-5723,XAVIER.ALLEN@go.sfcollege.edu
ALLEN,MICHAEL,MICHAEL,,1001-1046,6635,361-1234-5724,MICHAEL.ALLEN@go.sfcollege.edu
AMBURGEY,MAREENA,MAREENA,,1001-1047,6645,361-1234-5725,MAREENA.AMBURGEY@go.sfcollege.edu
ANDERSON,MANUEL,MANUEL,,1001-1048,6650,361-1234-5726,MANUEL.ANDERSON@go.sfcollege.edu
ANDERSON,GREGORIO,GREGORIO,,1001-1049,6651,361-1234-5727,GREGORIO.ANDERSON@go.sfcollege.edu
ANDERSON,KEYSHAWN,KEYSHAWN,,1001-1050,6652,361-1234-5728,KEYSHAWN.ANDERSON@go.sfcollege.edu
ANDREWS,DEMARI,DEMARI,,1001-1051,1030,361-1234-5729,DEMARI.ANDREWS@go.sfcollege.edu
ANTHONY,MEEKA,MEEKA,,1001-1052,3504,361-1234-5730,MEEKA.ANTHONY@go.sfcollege.edu
ARCHER,PRESTON,PRESTON,,1001-1053,6625,361-1234-5731,PRESTON.ARCHER@go.sfcollege.edu
ARNAU,RICKEY,RICKEY,,1001-1054,6635,361-1234-5732,RICKEY.ARNAU@go.sfcollege.edu
ARRINGTON,ROBERTO,ROBERTO,,1001-1055,1002,361-1234-5733,ROBERTO.ARRINGTON@go.sfcollege.edu
ARTIS,JAMES,JAMES,,1001-1056,1119,361-1234-5734,JAMES.ARTIS@go.sfcollege.edu
ASBELL,CLARENCE,CLARENCE,,1001-1057,3520,361-1234-5735,CLARENCE.ASBELL@go.sfcollege.edu
AVILES,THERIYUS,THERIYUS,,1001-1058,3330,361-1234-5736,THERIYUS.AVILES@go.sfcollege.edu
AYALA,TOMMY,TOMMY,,1001-1059,6645,361-1234-5737,TOMMY.AYALA@go.sfcollege.edu
BADILLO,DWAYNE,DWAYNE,,1001-1060,6623,361-1234-5738,DWAYNE.BADILLO@go.sfcollege.edu
BAILEY,JAVARI,JAVARI,,1001-1061,3841,361-1234-5739,JAVARI.BAILEY@go.sfcollege.edu
BAKER,ROBERT,ROBERT,,1001-1062,3840,361-1234-5740,ROBERT.BAKER@go.sfcollege.edu
BAKER,ROBERT,ROBERT,,1001-1063,3842,361-1234-5741,ROBERT.BAKER@go.sfcollege.edu
BAKER,CHEVY,CHEVY,,1001-1064,6651,361-1234-5742,CHEVY.BAKER@go.sfcollege.edu
BAKER,LOUIS,LOUIS,,1001-1065,6652,361-1234-5743,LOUIS.BAKER@go.sfcollege.edu
BALDINELLI,DANIEL,DANIEL,,1001-1066,6650,361-1234-5744,DANIEL.BALDINELLI@go.sfcollege.edu
BALLARD,EUGENE,EUGENE,,1001-1067,3651,361-1234-5745,EUGENE.BALLARD@go.sfcollege.edu
BANKS,BRIAN,BRIAN,,1001-1068,3650,361-1234-5746,BRIAN.BANKS@go.sfcollege.edu
BANKS,GREGORY,GREGORY,,1001-1069,3624,361-1234-5747,GREGORY.BANKS@go.sfcollege.edu
BANKS,JOHN,JOHN,,1001-1070,6652,361-1234-5748,JOHN.BANKS@go.sfcollege.edu
BANTON,RAYMOND,RAYMOND,,1001-1071,6651,361-1234-5749,RAYMOND.BANTON@go.sfcollege.edu
BAPTISTE,JESSIE,JESSIE,,1001-1072,6650,361-1234-5750,JESSIE.BAPTISTE@go.sfcollege.edu
BARRETT,TREVIS,TREVIS,,1001-1073,6645,361-1234-5751,TREVIS.BARRETT@go.sfcollege.edu
BARTON,JONATHAN,JONATHAN,,1001-1074,6635,361-1234-5752,JONATHAN.BARTON@go.sfcollege.edu
BASS,DANA,DANA,,1001-1075,6625,361-1234-5753,DANA.BASS@go.sfcollege.edu
BASS,DEMETRIUS,DEMETRIUS,,1001-1076,6623,361-1234-5754,DEMETRIUS.BASS@go.sfcollege.edu
BATIE,STEVEN,STEVEN,,1001-1077,3842,361-1234-5755,STEVEN.BATIE@go.sfcollege.edu
BATIE,WILLIAM,WILL,,1001-1078,3841,361-1234-5756,WILLIAM.BATIE@go.sfcollege.edu
BAY,JAMES,JAMES,,1001-1079,3840,361-1234-5757,JAMES.BAY@go.sfcollege.edu
BEARD,DELONTE,DELONTE,,1001-1080,3651,361-1234-5758,DELONTE.BEARD@go.sfcollege.edu
BEASLEY,RAYON,RAYON,,1001-1081,3650,361-1234-5759,RAYON.BEASLEY@go.sfcollege.edu
BELFORD,RONALD,RONALD,,1001-1082,3624,361-1234-5760,RONALD.BELFORD@go.sfcollege.edu
BELL,QUENTIN,QUENTIN,,1001-1083,3520,361-1234-5761,QUENTIN.BELL@go.sfcollege.edu
BELL,ZABRIEL,ZABRIEL,,1001-1084,3504,361-1234-5762,ZABRIEL.BELL@go.sfcollege.edu
BENNETT,KRISTEN,KRISTEN,,1001-1085,3330,361-1234-5763,KRISTEN.BENNETT@go.sfcollege.edu
BERNIER,HOWARD,HOWARD,,1001-1086,1119,361-1234-5764,HOWARD.BERNIER@go.sfcollege.edu
BERRIEN,CORTAEVIOUS,CORTAEVIOUS,,1001-1087,1030,361-1234-5765,CORTAEVIOUS.BERRIEN@go.sfcollege.edu
BERRY,MARK,MARK,,1001-1088,1002,361-1234-5766,MARK.BERRY@go.sfcollege.edu
BEVERIDGE,KELVIN,KELVIN,,1001-1089,3624,361-1234-5767,KELVIN.BEVERIDGE@go.sfcollege.edu
BIGLOW,CORNELIUS,CORNELIUS,,1001-1090,3650,361-1234-5768,CORNELIUS.BIGLOW@go.sfcollege.edu
BING,FRANK,FRANK,,1001-1091,3651,361-1234-5769,FRANK.BING@go.sfcollege.edu
BINGER,ANTONETT,ANTONETT,,1001-1092,6650,361-1234-5770,ANTONETT.BINGER@go.sfcollege.edu
BISHOP,ALEXANDER,ALEXANDER,,1001-1093,6652,361-1234-5771,ALEXANDER.BISHOP@go.sfcollege.edu
BLACK,REMY,REMY,,1001-1094,6651,361-1234-5772,REMY.BLACK@go.sfcollege.edu
BLACK,RAMON,RAMON,,1001-1095,3842,361-1234-5773,RAMON.BLACK@go.sfcollege.edu
BLAKE,RAYMOND,RAY,,1001-1096,3840,361-1234-5774,RAYMOND.BLAKE@go.sfcollege.edu
BLANK,ALEXANDER,ALEX,,1001-1097,3841,361-1234-5775,ALEXANDER.BLANK@go.sfcollege.edu
BODLEN,NICHOLAS,NICK,,1001-1098,6623,361-1234-5776,NICHOLAS.BODLEN@go.sfcollege.edu
BOLEN,ANTONIO,ANTONIO,,1001-1099,6645,361-1234-5777,ANTONIO.BOLEN@go.sfcollege.edu
BOLTON,FLYNN,FLYNN,,1001-1100,3330,361-1234-5778,FLYNN.BOLTON@go.sfcollege.edu
BOONE,MARIKA,MARY,,1001-1101,3520,361-1234-5779,MARIKA.BOONE@go.sfcollege.edu
BOOTH,JAROD,JAROD,,1001-1102,1119,361-1234-5780,JAROD.BOOTH@go.sfcollege.edu
BOWERS,MELVIN,MELVIN,,1001-1103,1002,361-1234-5781,MELVIN.BOWERS@go.sfcollege.edu
BOWERS,WELDON,WELDON,,1001-1104,6635,361-1234-5782,WELDON.BOWERS@go.sfcollege.edu
BRADLEY,JUSTIN,JUSTIN,,1001-1105,6625,361-1234-5783,JUSTIN.BRADLEY@go.sfcollege.edu
BRAMLETT,JEREMY,JEREMY,,1001-1106,3504,361-1234-5784,JEREMY.BRAMLETT@go.sfcollege.edu
BRANDT,ANTHONY,ANTHONY,,1001-1107,1030,361-1234-5785,ANTHONY.BRANDT@go.sfcollege.edu
BRANHAM,BRIAN,BRIAN,,1001-1108,1002,361-1234-5786,BRIAN.BRANHAM@go.sfcollege.edu
BRANHAM,ERIC,ERIC,,1001-1109,1030,361-1234-5787,ERIC.BRANHAM@go.sfcollege.edu
BRANTON,HORATIO,HORATIO,,1001-1110,3504,361-1234-5788,HORATIO.BRANTON@go.sfcollege.edu
BRASBY,JARED,JARED,,1001-1111,3840,361-1234-5789,JARED.BRASBY@go.sfcollege.edu
BREEDLOVE,JOANNE,JOANNE,,1001-1112,3841,361-1234-5790,JOANNE.BREEDLOVE@go.sfcollege.edu
BRENNEN,CHRISTOPHER,CHRIS,,1001-1113,3842,361-1234-5791,CHRISTOPHER.BRENNEN@go.sfcollege.edu
BRINKMOELLER,DONALD,DONALD,,1001-1114,3650,361-1234-5792,DONALD.BRINKMOELLER@go.sfcollege.edu
BROCKMAN,LUCIEN,LUCIEN,,1001-1115,3651,361-1234-5793,LUCIEN.BROCKMAN@go.sfcollege.edu
BROILES,JULIUS,JULIUS,,1001-1116,1119,361-1234-5794,JULIUS.BROILES@go.sfcollege.edu
BROOKES,DARIUS,DARIUS,,1001-1117,6625,361-1234-5795,DARIUS.BROOKES@go.sfcollege.edu
BROOKS,CHRISTIAN,CHRISTIAN,,1001-1118,6635,361-1234-5796,CHRISTIAN.BROOKS@go.sfcollege.edu
BROOKS,XZAVION,XZAVION,,1001-1119,6645,361-1234-5797,XZAVION.BROOKS@go.sfcollege.edu
